No;GMSL;LandOcean;SOI
1;-8.423250835;0.071805817;14.3
2;-7.113633041;0.011038273;8.1
3;0.167162698;-0.106427266;4.8
4;5.794574979;-0.108241176;7.2
5;15.08025794;-0.045838294;-1.9
6;12.65525794;-0.085750574;-7.3
7;8.563246658;-0.042818244;-5.5
8;1.485865706;0.116451807;1.8
9;-3.947373642;0.152545165;0.3
10;-3.542517753;0.170402308;-4.3
11;-3.397404971;-0.075844559;-4.7
12;6.411147661;0.071843411;-5.6
13;5.089249165;0.018055817;-11.4
14;2.540533626;-0.114795061;-13.6
15;-6.224503968;-0.199343933;-23.9
16;-7.322091688;-0.137824509;7.2
17;-8.369742063;0.01249504;9.8
18;-4.99890873;0.239249426;-6.8
19;1.988246658;0.220931756;-1.3
20;6.185865706;0.11478514;5.1
21;5.794293024;-0.077871502;1.2
22;3.065815581;-0.047514359;6.8
23;3.285928363;-0.105844559;-12
24;2.831980994;-0.027739923;-21.3
25;2.505915831;0.10513915;-25.6
26;-1.542799708;0.052704939;-14.8
27;-7.316170635;-0.052677266;-2.5
28;-7.455425021;0.023008824;2.6
29;-9.56140873;-0.142088294;10.3
30;-5.290575397;-0.093250574;6
31;-6.303420008;-0.180318244;9.1
32;-0.168300961;0.057701807;-25.3
33;-1.734873642;0.012128498;14.4
34;4.269982247;0.030402308;13.9
35;1.677595029;0.133738774;3.4
36;1.677814327;0.094760077;-10.2
37;-2.348250835;0.019722483;1.4
38;-2.276133041;-0.062711727;-8.2
39;-4.424503968;0.033156067;4.8
40;-1.742925021;-0.076991176;5.2
41;0.18859127;0.10124504;-15.2
42;5.059424603;0.091332759;-12.5
43;6.321579992;0.150931756;-5
44;7.294199039;-0.128548193;9.4
45;8.352626358;-0.144121502;-15.4
46;7.157482247;-0.065431025;1.3
47;2.927595029;-0.044177893;9.1
48;0.636147661;-0.020239923;-3
49;-1.935750835;0.06138915;-5
50;-4.288633041;0.066038273;-7
51;-3.857837302;0.068572734;4.2
52;-6.455425021;-0.003241176;-1.4
53;-1.965575397;0.054161706;-12.6
54;-4.844742063;-0.234083908;-16.3
55;-0.345086675;0.020098423;1.6
56;1.819199039;0.083118473;5.1
57;3.827626358;-0.061204835;-0.5
58;2.494982247;-0.086264359;-4.3
59;1.952595029;-0.069177893;-14.4
60;-3.655519006;-0.007323256;-5
61;1.585082498;0.025972483;-9.5
62;-0.955299708;0.059371606;-4
63;4.150496032;0.087322734;-17.8
64;2.065408312;0.076342157;-15.9
65;-0.407242063;0.22374504;5.2
66;-3.232242063;-0.127833908;-0.6
67;-8.624253342;-0.21073491;1.6
68;-3.201634294;-0.15021486;2.9
69;2.494293024;0.016295165;4.5
70;10.88248225;0.069568975;6
71;10.94009503;-0.012511226;5
72;7.140314327;0.142676744;7.4
73;1.547582498;0.04013915;13.6
74;-4.080299708;0.098954939;13.5
75;-3.037003968;0.044822734;13.4
76;-3.926258354;0.053425491;10.5
77;-0.640575397;0.101661706;14.4
78;-6.28640873;-0.370750574;12.2
79;-9.986753342;-0.23198491;11
80;-7.805800961;-0.017298193;10
81;-4.259873642;0.012961832;9.4
82;1.836648914;0.065818975;-4.3
83;5.635928363;0.138738774;5
84;5.356980994;0.083926744;4.8
85;4.564249165;-0.027777517;4.6
86;1.244700292;0.064788273;5.1
87;3.637996032;-0.061843933;4.8
88;2.677908312;0.022592157;-5.3
89;3.742757937;-0.02375496;5.2
90;-3.303075397;-0.054917241;-3
91;-3.853420008;-0.086568244;-2.2
92;-3.697467627;-0.168131527;-11.7
93;-4.009873642;0.037545165;-23.6
94;-3.334184419;-0.000431025;-9.8
95;-1.230738304;0.035405441;-16
96;1.644480994;0.060593411;-16.7
97;1.747582498;-0.01861085;-8.9
98;-1.505299708;-0.030628394;-9.4
99;3.896329365;0.054406067;-14.7
100;2.519574979;0.057175491;-12.6
101;1.91359127;-0.014588294;-2.4
102;-3.515575397;-0.069917241;-25.9
103;-0.299253342;0.184681756;-1.7
104;2.231699039;0.073951807;-27.5
105;1.844293024;0.137128498;-0.5
106;1.690815581;0.074152308;-1.9
107;2.444261696;0.019572107;22
108;2.294480994;0.040593411;1.6
109;2.030915831;-0.036527517;2.1
110;-1.146966374;-0.031461727;11.1
111;-4.341170635;-0.038927266;4.2
112;-8.476258354;-0.072824509;23
113;-8.769742063;0.019578373;22
114;-4.22390873;-0.107417241;20.8
115;-3.795086675;-0.137818244;11
116;7.010865706;-0.082298193;14.3
117;8.702626358;0.049211832;6.9
118;11.24498225;-0.036681025;3.6
119;6.256761696;0.128738774;5.8
120;3.511147661;0.073510077;-2.3
121;0.993415831;-0.036527517;-3.1
122;0.786366959;-0.026461727;9.3
123;-0.974503968;0.059406067;3.6
124;-3.730425021;-0.137824509;2.6
125;-10.98640873;0.010828373;0.6
126;-9.665575397;-0.036583908;15.6
127;-11.27842001;-0.186568244;-3.6
128;3.506699039;0.077701807;-9.5
129;0.198459691;-0.005788168;4.5
130;4.869982247;0.097485641;-0.3
131;0.623428363;0.051238774;-1.5
132;4.415314327;0.045593411;-6.3
133;4.397582498;0.04138915;-8.9
134;2.561366959;0.044788273;-10.6
135;0.179662698;-0.026427266;0.6
136;-3.730425021;-0.106991176;-4.7
137;-4.728075397;0.18624504;-4.5
138;-1.932242063;-0.059083908;2.7
139;4.471579992;0.12426509;-10.2
140;3.985865706;-0.16896486;11.1
141;5.785959691;-0.094954835;6.9
142;1.811648914;0.016652308;10
143;3.502595029;0.065405441;19.6
144;0.056980994;-0.021489923;7.4
145;-0.364917502;0.071805817;5.9
146;-4.871966374;0.182704939;6.3
147;-5.057837302;0.169822734;8.5
148;-9.655425021;-0.094491176;-0.7
149;-5.982242063;-0.028338294;3.7
150;-1.344742063;-0.465333908;11.3
151;1.463246658;-0.229901577;7.7
152;7.194199039;0.093951807;-1.4
153;4.965126358;0.064628498;1.2
154;2.640815581;-0.003347692;-3.5
155;0.294261696;0.084572107;10.7
156;0.381980994;0.157260077;14
157;2.393415831;0.036805817;7.8
158;3.632200292;0.044788273;5.7
159;2.812996032;0.068572734;7.9
160;-0.297091688;0.077592157;2.6
161;0.230257937;-0.027921627;1.6
162;-1.490575397;-0.219500574;17.5
163;0.275746658;0.007181756;10
164;-1.218300961;0.06103514;5.6
165;1.040126358;-0.138704835;-3
166;-1.471684419;0.015818975;-5.1
167;-2.305738304;-0.076261226;-1.5
168;-4.168019006;0.061010077;-2.3
169;-5.169084169;0.064305817;-5.7
170;-8.471966374;0.032704939;-1.6
171;-5.124503968;0.053156067;1.8
172;-3.313758354;0.015092157;7.2
173;6.66359127;0.08499504;0.1
174;7.56359127;-0.127833908;5.6
175;9.917413325;-0.160318244;3
176;2.815032373;-0.077298193;-0.3
177;-0.264040309;0.037961832;-7.1
178;-8.492517753;-0.020847692;-8.2
179;-3.822404971;0.042488774;-4.7
180;-1.676352339;0.049343411;-0.4
181;3.418415831;0.03263915;-6.3
182;3.573866959;0.057288273;-4
183;11.46299603;0.055239401;-5.6
184;8.569574979;-0.001991176;-8.6
185;5.096924603;0.049161706;-3.5
186;-4.92390873;-0.052417241;1.3
187;-15.34925334;0.020098423;4.9
188;-12.60996763;-0.124798193;-6.3
189;-6.847373642;-0.157454835;-8.8
190;0.536648914;-0.020014359;-42.2
191;10.17342836;0.030822107;-30.6
192;8.606980994;0.081426744;-20.6
193;7.514249165;0.063055817;-22.4
194;1.911366959;0.028954939;-19
195;-1.837003968;0.129406067;-19
196;-5.063758354;0.015925491;-11.9
197;-8.14890873;0.030411706;-14.2
198;-6.194742063;-0.080750574;-12.5
199;-7.690920008;-0.105318244;-7.4
200;-3.014134294;-0.080631527;-16.6
201;-1.822373642;0.053795165;-17.8
202;7.882482247;0.087068975;-16.9
203;9.877595029;0.009155441;0.2
204;14.23198099;0.077260077;-2.3
205;10.99341583;0.009722483;0.8
206;3.469700292;0.038954939;0.2
207;-5.199503968;0.011906067;1.8
208;-20.50125835;-0.021574509;-8
209;-18.3405754;0.002911706;10.3
210;-11.6280754;0.182166092;7
211;3.175746658;-0.079901577;6.3
212;10.99419904;-0.286048193;19.2
213;12.21929302;-0.055371502;11.1
214;11.71164891;-0.027931025;-1.9
215;2.902595029;0.101655441;-2.3
216;-2.368019006;0.056010077;6.1
217;-9.506584169;0.02888915;2.1
218;-7.042799708;0.076454939;3.2
219;-2.107837302;-0.086427266;-0.7
220;2.369574979;-0.129074509;-2.7
221;3.584424603;0.05374504;-0.4
222;4.071924603;0.115082759;13.2
223;0.775746658;-0.131151577;9.1
224;-0.039134294;-0.12271486;13.8
225;1.444293024;0.024628498;4.5
226;-2.780017753;-0.029181025;-7.4
227;-4.447404971;-0.119177893;-10.4
228;-7.322185673;0.027260077;-5.6
229;-0.935750835;0.09388915;-10.1
230;5.436366959;0.103954939;-1.6
231;11.27132937;0.070656067;6.1
232;9.040408312;0.233008824;15.8
233;3.580257937;-0.14250496;-3
234;-2.89890873;-0.254500574;-7.3
235;-5.099253342;0.037598423;-6.5
236;-3.576634294;0.080201807;-25.3
237;-2.634873642;0.001295165;-18.7
238;1.049148914;0.013735641;-7.4
239;0.794261696;0.013738774;26.1
240;-0.493019006;-0.052739923;10
241;1.751749165;-0.012777517;7.8
242;-3.721966374;0.016871606;-16.6
243;1.229662698;0.148572734;-17.2
244;0.094574979;-0.017824509;-6
245;2.62609127;0.02624504;-5.5
246;0.38859127;-0.143250574;-0.1
247;-1.540920008;-0.034068244;3
248;-2.605800961;0.130201807;9.4
249;0.756793024;0.100045165;4.5
250;-3.996684419;-0.009181025;-0.3
251;-3.672404971;0.044572107;19.6
252;-6.347185673;0.009343411;14.6
253;-1.977417502;-0.05111085;9.8
254;1.544700292;-0.059378394;-16
255;3.604662698;-0.117260599;-22.1
256;5.261241646;0.014675491;-8.6
257;4.396924603;-0.040838294;-1.9
258;4.871924603;0.060916092;17
259;4.688246658;0.17426509;-2.2
260;2.723365706;-0.04646486;11.6
261;-2.226540309;-0.027038168;7.8
262;-6.780017753;-0.049597692;7.6
263;-7.751571637;-0.006261226;2.6
264;-6.097185673;-0.000656589;1.6
265;-2.152417502;-0.015694183;-8.9
266;1.419700292;-0.009378394;-17.8
267;2.708829365;-0.020177266;-7.4
268;1.927908312;-0.078241176;-3.4
269;-1.457242063;-0.10000496;-3
270;-1.43640873;0.076332759;-9.2
271;-3.290920008;0.258848423;-10.2
272;2.506699039;0.095618473;17.6
273;7.077626358;-0.051204835;17.7
274;7.544982247;-0.030014359;7.6
275;6.515095029;-0.032927893;-0.6
276;1.590314327;0.035593411;6.1
277;-1.539917502;-0.02236085;0.1
278;-4.921966374;-0.030211727;8.7
279;-1.278670635;-0.028510599;4.2
280;-3.172091688;0.043842157;1.3
281;0.946924603;-0.009171627;15.9
282;-2.207242063;-0.141583908;14.1
283;6.200746658;-0.080318244;16.2
284;1.840032373;0.015618473;9.4
285;2.227626358;0.010878498;31.7
286;-2.080017753;-0.003347692;9.2
287;0.215095029;0.018738774;-7.1
288;-1.793019006;-0.053989923;-8.9
289;-1.256584169;-0.033194183;0.8
290;-0.513633041;-0.114795061;0.2
291;1.571329365;0.003572734;1.2
292;2.202908312;0.210925491;-17.2
293;0.330257937;0.063328373;2.6
294;-2.47390873;0.022999426;-9.2
295;-4.990920008;-0.25573491;-16.8
296;-5.443300961;0.08978514;-30.2
297;-4.455706976;-0.034954835;-42.6
298;-2.692517753;0.004152308;-37.4
299;-1.455738304;0.011238774;-31.4
300;1.219480994;-0.002323256;-21.3
301;4.539249165;0.045555817;-7.6
302;6.853033626;0.041038273;-7
303;3.562996032;-0.045177266;-5.6
304;0.036241646;0.125508824;-17.9
305;-4.94890873;0.080828373;-13.1
306;-2.78640873;-0.085333908;-3.5
307;-1.365920008;-0.10323491;-7.4
308;-0.622467627;0.002701807;-5.2
309;-1.568206976;0.151295165;-8.8
310;1.519982247;-0.037514359;1.3
311;2.244261696;0.045822107;-3.9
312;4.231980994;-0.000239923;6.8
313;1.026749165;0.048055817;15.5
314;1.811366959;-0.019795061;18.3
315;0.408829365;0.053989401;9.1
316;-1.367925021;-0.090741176;21.7
317;-2.640575397;0.186661706;4.7
318;-3.21140873;-0.100750574;5.1
319;-0.370086675;-0.176568244;1.6
320;0.523365706;0.063951807;-0.3
321;3.469293024;-0.015788168;4.5
322;1.790815581;-0.090847692;10
323;4.048428363;-0.023761226;8.3
324;1.686147661;0.037676744;-4.3
325;4.585082498;0.04388915;-8.2
326;-2.501133041;0.047288273;0.2
327;-3.603670635;0.148572734;0.6
328;-7.042925021;-0.078241176;-2
329;-3.457242063;-0.053338294;8.8
330;0.171924603;-0.056583908;-10.6
331;1.892413325;0.06176509;7.7
332;1.248365706;-0.16021486;0.2
333;-1.014040309;-0.024121502;16.8
334;-2.221684419;0.056652308;-1.1
335;2.065095029;0.069988774;-2.3
336;3.094480994;0.089760077;2.2
337;5.305915831;-0.000694183;5.3
338;0.115533626;0.103538273;17.7
339;-5.003670635;0.006072734;7.9
340;-7.205425021;-0.047407843;2.6
341;-6.465575397;0.01499504;-5.5
342;1.421924603;-0.216583908;-2.5
343;3.934079992;0.03551509;-3.2
344;7.956699039;-0.05646486;-0.3
345;4.623459691;-0.090371502;-14.5
346;0.899148914;-0.040431025;2.1
347;-4.884904971;-0.015844559;22.8
348;-2.963852339;0.021426744;10.7
349;-3.431584169;0.129722483;9.8
350;1.219700292;0.065621606;0.8
351;1.533829365;0.023572734;4.2
352;4.019574979;0.101758824;9.2
353;2.255257937;-0.132088294;4.7
354;0.267757937;-0.003250574;5.6
355;-3.920086675;-0.022401577;15.2
356;-4.047467627;-0.108548193;12.7
357;-3.772373642;-0.011621502;5.3
358;1.011648914;0.088735641;0.5
359;1.565095029;0.063322107;22
360;4.365314327;0.093926744;20.5
361;1.610082498;0.091805817;9.8
362;1.498866959;0.081871606;15.3
363;-1.466170635;0.047739401;10.3
364;-1.763758354;-0.076991176;19.7
365;-2.819742063;-0.155838294;15.9
366;-3.01140873;-0.110750574;3.2
367;-0.374253342;-0.06198491;1.6
368;0.923365706;-0.106048193;3.5
369;0.065126358;-0.014538168;2
370;-2.580017753;-0.004597692;-8.2
371;-3.393238304;-0.007927893;-12
372;-2.526352339;0.014760077;-12.8
373;3.355915831;-0.045694183;-12.1
374;7.036366959;-0.043961727;-8.8
375;10.43382937;0.048572734;-11.7
376;6.673741646;0.085508824;-7.3
377;5.009424603;0.09249504;-1.4
378;-2.42390873;0.030499426;-9.7
379;-4.407586675;0.138431756;-17.3
380;-7.914134294;-0.098131527;-9
381;-7.089040309;0.138378498;-21.1
382;-5.484184419;0.128318975;-13
383;-0.318238304;0.144572107;-6.3
384;0.923647661;-0.052323256;-0.4
385;2.235082498;-0.14986085;-7.6
386;2.290533626;-0.175628394;-4
387;2.529662698;-0.188093933;-8
388;4.948741646;0.033425491;2.6
389;7.230257937;0.031661706;-8
390;1.71359127;0.046749426;-3.5
391;-2.340920008;-0.011151577;-5
392;-8.255800961;-0.017298193;1.3
393;-8.176540309;0.018795165;-6.3
394;-6.988351086;-0.040014359;-8.2
395;-2.164071637;-0.065011226;-3.9
396;1.565314327;-0.033573256;-1.7
397;3.955915831;-0.034027517;-7.6
398;3.994700292;-0.077295061;-9.4
399;2.029662698;-0.082260599;-9.2
400;5.640408312;0.038425491;-11.9
401;0.005257937;0.22124504;-7
402;5.171924603;0.256749426;-5.4
403;-0.845086675;0.09801509;2
404;0.798365706;-0.064381527;9.4
405;-2.047373642;-0.127454835;-14.5
406;-1.467517753;-0.051264359;-0.3
407;-6.497404971;-0.082094559;-16.8
408;-8.038852339;-0.073989923;-18
409;-13.1774175;0.01638915;-17.2
410;-9.392799708;-0.002711727;-12.4
411;-6.003670635;0.093156067;-8.6
412;6.186241646;-0.044491176;-11.9
413;15.85525794;0.08749504;-1.4
414;20.13025794;-0.090333908;-21.6
415;17.67574666;0.060931756;-2.2
416;8.848365706;-0.00271486;-20.4
417;-0.322373642;0.184211832;-17.8
418;-6.038351086;0.072068975;-12.2
419;-7.597404971;-0.061677893;6.6
420;-7.838852339;0.009343411;14
421;-6.806584169;-0.076944183;7.2
422;-6.059466374;-0.056045061;7.5
423;-5.678670635;-0.086427266;2.4
424;0.052908312;0.054258824;-14.6
425;-0.632242063;0.027078373;9.8
426;5.455257937;0.126749426;5.6
427;2.475746658;0.112598423;-3.6
428;7.140032373;-0.02646486;-6.3
429;3.873459691;-0.029954835;-0.5
430;4.678315581;-0.042514359;6.8
431;-1.368238304;-0.133344559;9.1
432;-4.876352339;0.008093411;25.7
433;-8.877417502;0.14013915;16.2
434;-5.455299708;0.094788273;4.5
435;-2.820337302;0.126489401;6.1
436;6.477908312;0.018425491;9.8
437;8.317757937;-0.305421627;15.4
438;8.392757937;-0.073667241;5.1
439;1.446579992;-0.147401577;10
440;-2.680800961;-0.173131527;18.1
441;-6.255706976;-0.067454835;21.8
442;-5.088351086;-0.058347692;21.8
443;-3.414071637;0.050405441;21.2
444;1.565314327;0.197676744;28.3
445;1.555915831;0.224305817;34.8
446;1.590533626;0.185204939;29.7
447;-0.070337302;-0.068927266;15.2
448;-0.247091688;0.035092157;21
449;2.06359127;-0.293338294;22.5
450;3.692757937;-0.095750574;14.6
451;-0.265920008;0.033848423;16.6
452;-2.434967627;0.117701807;-2
453;-4.493206976;-0.073704835;16.8
454;-2.221684419;-0.078764359;10
455;-0.484904971;-0.024177893;-4.7
456;1.211147661;-0.034406589;-14.1
457;0.447582498;-0.036944183;-4.4
458;5.078033626;0.086454939;-8.2
459;2.808829365;0.168156067;-5
460;3.252908312;0.102175491;1.3
461;-1.715575397;-0.054171627;-8
462;-3.903075397;0.022999426;-14.9
463;-6.699253342;-0.024068244;-11.2
464;-6.239134294;0.00228514;-12.8
465;-3.726540309;0.117961832;-3
466;-1.355017753;-0.013764359;-7.4
467;4.685928363;-0.065844559;-10.4
468;4.202814327;-0.011073256;-8.9
469;7.564249165;-0.04486085;-6.9
470;6.186366959;0.022288273;-5.8
471;2.433829365;0.060656067;-10.5
472;1.069574979;-0.141157843;-11.3
473;-3.778075397;-0.121671627;-9.1
474;-4.54890873;0.037582759;1.8
475;-6.965920008;0.00926509;-1.7
476;-6.501634294;0.13728514;-4.1
477;-2.168206976;0.045045165;0.3
478;2.619982247;0.022068975;-2.7
479;6.040095029;-0.061677893;6.6
480;6.590314327;-0.040656589;9.4
481;3.289249165;-0.00986085;5.3
482;-0.638633041;0.040204939;5.1
483;-2.845337302;-0.026010599;-4.3
484;-4.405425021;-0.018241176;-0.1
485;-2.54890873;-0.19000496;9.8
486;-2.378075397;0.208416092;10.8
487;0.659079992;0.064681756;6.7
488;1.948365706;-0.004798193;8.9
489;3.590126358;-0.059538168;-7.1
490;5.640815581;-0.075014359;2.1
491;3.973428363;-0.052511226;22
492;2.919480994;0.054343411;2.9
493;-3.127417502;-0.030277517;-6.9
494;-5.396966374;0.046038273;5.1
495;-4.299503968;0.176072734;9.7
496;-4.126258354;0.068008824;8.5
497;0.32609127;0.060411706;8.2
498;-0.907242063;-0.094500574;8
499;3.429913325;-0.20323491;9.1
500;1.840032373;0.08853514;5.6
501;2.860959691;0.044628498;-5.5
502;3.540815581;-0.042514359;-5.1
503;2.394261696;-0.001677893;5.8
504;-2.697185673;0.003926744;2.2
505;-6.139917502;-0.03736085;-1.2
506;-7.205299708;-0.072295061;5.1
507;-3.678670635;-0.050593933;6.1
508;2.198741646;0.140092157;8.5
509;5.12609127;0.129161706;11.8
510;3.384424603;0.027999426;5.6
511;-1.911753342;-0.08698491;4.4
512;-1.555800961;-0.04646486;8.9
513;2.335959691;-0.100371502;8.6
514;6.719982247;-0.044181025;2.1
515;4.690095029;0.004155441;1
516;0.744480994;-0.046906589;-11.5
517;-1.431584169;-0.07236085;-18.5
518;-0.521966374;-0.070211727;-14.8
519;0.621329365;0.071906067;-6.2
520;-2.180425021;0.175092157;-12.6
521;-3.778075397;0.177078373;2.1
522;-4.13640873;-0.026583908;-5.4
523;1.421579992;-0.042818244;1.1
524;0.644199039;0.11103514;2.4
525;2.660959691;-0.092871502;-15.4
526;-0.463351086;0.064152308;11.5
527;-0.793238304;0.018322107;8.3
528;-2.059685673;-0.011489923;7.4
529;-1.564917502;-0.06486085;10.4
530;-0.655299708;-0.010211727;8.1
531;-0.874503968;-0.057260599;7.9
532;-1.651258354;0.088842157;11.8
533;0.10109127;-0.094171627;5.2
534;2.921924603;-0.064083908;5.6
535;4.204913325;-0.09823491;13.8
536;1.765032373;0.01228514;14.9
537;-1.222373642;0.036295165;14.4
538;-1.196684419;-0.002097692;-1.1
539;-2.272404971;-0.053344559;-4.7
540;-2.405519006;-0.071073256;-13.4
541;-3.260750835;-0.040694183;-10.8
542;-1.238633041;-0.075211727;-6.4
543;0.629662698;-0.089760599;-12.9
544;2.711241646;0.126342157;-9.3
545;5.70109127;0.161661706;-7
546;1.042757937;0.287999426;-5.4
547;-1.436753342;0.098848423;-14.5
548;-6.668300961;0.165618473;-13.3
549;-5.047373642;-0.052871502;-7.1
550;-4.055017753;-0.150847692;-2.7
551;-1.880738304;-0.141677893;-7.1
552;2.023647661;-0.150239923;-1
553;8.701749165;0.030555817;-7.6
554;9.465533626;0.048538273;1.4
555;9.487996032;0.083156067;4.2
556;-0.134591688;0.144675491;1.3
557;-4.094742063;-0.054588294;6.2
558;-8.157242063;-0.049500574;5.1
559;-3.903420008;0.034681756;1.1
560;-1.768300961;-0.17896486;18.1
561;1.444293024;-0.087038168;6.9
562;1.586648914;-0.021264359;6
563;2.381761696;-0.029594559;8.3
564;1.381980994;0.018926744;6.1
565;4.635082498;-0.04236085;-5
566;-0.021966374;0.057704939;-0.4
567;3.033829365;0.147739401;-4.3
568;0.007074979;0.102175491;-8
569;-0.58640873;-0.130838294;7.7
570;-6.728075397;0.172999426;-10.1
571;-6.924253342;0.096348423;10.5
572;-5.614134294;-0.078131527;13.8
573;-0.326540309;-0.069954835;11.9
574;1.453315581;-0.070847692;-2.7
575;4.260928363;-0.156677893;-7.9
576;5.523647661;0.021426744;-0.4
577;6.097582498;0.033055817;9.8
578;5.957200292;0.066038273;8.1
579;0.404662698;0.071489401;9.1
580;-3.684591688;0.194258824;2.6
581;-6.769742063;0.159578373;11.8
582;-8.882242063;-0.132833908;16
583;-4.211753342;-0.268651577;18
584;-2.164134294;-0.011048193;5.1
585;3.652626358;-0.085371502;4.5
586;0.707482247;-0.037097692;-12.2
587;3.669261696;-0.070427893;1
588;3.611147661;-0.013573256;1.6
589;2.768415831;0.019722483;0.1
590;2.515533626;0.056454939;-0.4
591;0.133829365;0.136906067;7.9
592;1.132074979;0.157592157;11.1
593;-1.68640873;-0.25750496;5.7
594;-0.732242063;-0.044917241;12.7
595;-3.349253342;-0.035318244;7.7
596;-4.655800961;0.105618473;1.8
597;-7.384873642;-0.022871502;-3.8
598;-6.367517753;-0.015847692;2.1
599;0.006761696;-0.017927893;-5.5
600;7.698647661;-0.058989923;-4.3
601;9.622582498;-0.006944183;-1.8
602;7.386366959;-0.020628394;-7
603;3.679662698;-0.005177266;3.6
604;-0.530425021;0.295508824;1.9
605;-3.003075397;0.07749504;-1.4
606;-1.944742063;0.012999426;7
607;-4.036753342;-0.115318244;-14.9
608;-1.430800961;-0.02146486;5.6
609;-2.751540309;-0.145788168;8.6
610;-0.263351086;-0.093347692;13.1
611;0.065095029;0.036238774;18.8
612;4.427814327;0.043093411;9.4
613;2.285082498;0.03388915;0.1
614;-0.026133041;0.004788273;5.1
615;-3.787003968;0.097322734;-12.9
616;-4.801258354;-0.007407843;-4.7
617;-1.744742063;0.020411706;4.7
618;0.484424603;0.236332759;1.8
619;3.371579992;-0.07448491;-3.6
620;1.577532373;-0.083548193;-2.5
621;2.248459691;0.070461832;-2.1
622;-0.388351086;-0.024597692;2.8
623;-1.664071637;-0.117094559;-4.7
624;-1.151352339;-0.075656589;-5
625;-3.185750835;-0.011944183;-6.9
626;-0.767799708;0.096871606;-8.8
627;-2.116170635;0.106072734;-4.3
628;0.157074979;-0.057407843;-4.7
629;0.621924603;-0.010421627;3.2
630;3.48859127;0.008416092;-11.1
631;3.604913325;-0.059068244;4.9
632;3.410865706;-0.058548193;-2
633;3.027626358;0.022128498;3.6
634;0.407482247;-0.010014359;6
635;1.190095029;-0.040844559;-3.9
636;-2.243019006;0.073926744;3.5
637;-0.248250835;0.045555817;-0.5
638;-0.580299708;-0.026045061;2
639;-0.112003968;-0.006427266;3.6
640;-2.855425021;-0.057824509;7.2
641;-2.38640873;-0.19375496;8.2
642;-1.169742063;0.012582759;6.5
643;1.446579992;0.187181756;0.1
644;4.006699039;-0.090631527;0.2
645;3.552626358;-0.107038168;6.1
646;2.974148914;0.091652308;-7.4
647;-1.376571637;0.019988774;10.7
648;-1.763852339;0.024343411;2.9
649;-6.135750835;0.01513915;-22.4
650;-4.501133041;-0.038545061;-6.4
651;-7.841170635;0.024822734;4.2
652;-1.955425021;0.139258824;13.1
653;-0.378075397;0.13249504;-2.4
654;3.934424603;-0.189500574;6.5
655;4.971579992;0.292598423;-4.6
656;4.073365706;0.001451807;12.2
657;4.619293024;-0.199954835;2.8
658;0.924148914;-0.108347692;-6.6
659;1.356761696;-0.049594559;-2.3
660;0.977814327;-0.018156589;-0.4
661;0.422582498;0.004305817;2.1
662;-1.021966374;0.028538273;6.3
663;-3.437003968;0.161072734;7.3
664;-3.701258354;-0.047824509;3.9
665;-1.21140873;0.054578373;-4
666;3.317757937;-0.064083908;-2
667;5.871579992;-0.18948491;0.6
668;1.265032373;-0.03646486;1.8
669;-1.947373642;-0.006621502;22.6
670;-4.125851086;0.020818975;4.4
671;-2.155738304;-0.037511226;-1.5
672;-2.688852339;0.043926744;4.2
673;-0.527417502;-0.009444183;-8.9
674;-2.880299708;0.011871606;2.6
675;0.662996032;0.046489401;-0.1
676;-1.013758354;0.083425491;-13.9
677;1.36359127;0.08124504;0.6
678;-0.41140873;8.28E-05;9.4
679;3.817413325;0.084681756;-5
680;1.144199039;-0.176881527;6.2
681;2.448459691;-0.122871502;2
682;0.319982247;-0.010847692;-0.3
683;-2.676571637;-0.001261226;3.4
684;-2.630519006;-0.017739923;-5.6
685;-4.089917502;0.03888915;3.3
686;-0.767799708;0.095621606;0.8
687;-1.124503968;0.050656067;-2.5
688;0.890408312;0.037175491;-2
689;2.417757937;-0.075838294;6.7
690;4.805257937;0.070082759;7.5
691;5.954913325;0.01926509;3.4
692;6.040032373;0.07853514;-3.6
693;3.873459691;0.066295165;3.6
694;-2.109184419;-0.086264359;13.1
695;-5.543238304;-0.143761226;18
696;-9.384685673;-0.088573256;18.5
697;-5.335750835;-0.03611085;13
698;-2.521966374;0.038538273;7.5
699;2.967162698;0.183156067;12.8
700;3.844574979;0.121342157;1.9
701;1.942757937;-0.06500496;13.8
702;0.755257937;-0.002417241;17
703;-5.720086675;-0.03073491;7.7
704;-4.751634294;-0.145631527;11.6
705;-3.068206976;-0.038288168;9.4
706;2.119982247;0.029985641;-1.1
707;8.444261696;-0.003344559;-1.5
708;8.948647661;-0.041906589;8.1
709;5.993415831;-0.047777517;-0.5
710;-0.201133041;-0.076461727;-9.4
711;-4.295337302;-0.092677266;-14.7
712;-1.534591688;0.002592157;-8
713;0.12609127;0.388328373;-8.6
714;2.88859127;-0.078250574;-0.1
715;2.879913325;-0.007818244;-4.1
716;1.535865706;-0.03021486;-10.6
717;-3.118206976;0.060878498;-9.6
718;-4.246684419;-0.009597692;-14.5
719;-9.368238304;0.001238774;-19.3
720;-7.326352339;-0.013989923;-15.4
721;-4.814917502;-0.077777517;-18.5
722;-1.059466374;-0.008128394;-19.6
723;1.892162698;-0.071010599;-18.4
724;4.161241646;-0.009074509;-6.7
725;3.684424603;0.16749504;-29.4
726;1.292757937;0.011332759;-9.7
727;2.334079992;0.127598423;-15.4
728;0.540032373;-0.088131527;-10.6
729;0.731793024;-0.016204835;-11.2
730;-1.742517753;-0.008764359;-6.6
731;-2.093238304;-0.037094559;-14.4
732;1.469480994;0.019343411;-20.6
733;6.147582498;-0.03111085;-19.1
734;6.503033626;-0.148128394;-8.2
735;3.346329365;0.163572734;-20.2
736;-1.538758354;0.052592157;-9.3
737;-1.490575397;0.078328373;-8.6
738;-3.069742063;0.158832759;-13
739;-2.365920008;-0.101151577;-3.6
740;-4.164134294;-0.07896486;-5.8
741;-4.889040309;-0.006204835;-5.5
742;-4.309184419;0.043318975;5.2
743;-2.259904971;0.002488774;8.3
744;0.944480994;-0.053573256;-1
745;3.172582498;-0.08361085;4
746;4.690533626;-0.076461727;8.7
747;2.600496032;-0.056427266;8.5
748;2.140408312;0.038842157;-4
749;-0.694742063;0.10499504;13.8
750;1.81359127;-0.045750574;9.4
751;2.721579992;0.122181756;10.5
752;2.452532373;-0.101048193;4
753;3.090126358;0.042961832;13.5
754;-0.192517753;-0.000431025;2.8
755;0.602595029;-0.108761226;-7.9
756;-2.188852339;-0.021073256;2.9
757;-2.056584169;-0.106527517;7.8
758;-2.763633041;-0.082711727;5.7
759;-3.482837302;0.057739401;9.1
760;-3.763758354;0.022592157;3.9
761;-3.47390873;0.069161706;-8.6
762;1.12609127;0.175499426;-8.2
763;7.900746658;0.03801509;3.9
764;10.96503237;0.033951807;5.6
765;6.915126358;-0.029954835;-5.5
766;-0.250851086;-0.027514359;-1.1
767;-6.389071637;-0.035427893;-3.9
768;-8.668019006;-0.018989923;-8.9
769;-8.389917502;0.014722483;3.3
770;-5.184466374;0.122704939;2.6
771;-1.741170635;0.098156067;-8.6
772;2.419574979;-0.042824509;-6.7
773;2.90109127;-0.08125496;4.2
774;2.83859127;-0.010750574;5.1
775;1.167413325;-0.114901577;6.3
776;-0.905800961;-0.073131527;13.2
777;-0.122373642;0.089628498;-7.1
778;0.765815581;-0.035431025;-0.3
779;4.215095029;-0.069594559;8.3
780;0.494480994;-0.060239923;3.5
781;0.072582498;0.169722483;11.7
782;-4.209466374;0.109788273;8.7
783;-2.562003968;0.073989401;2.4
784;-2.651258354;-0.021157843;-3.4
785;-0.16140873;-0.117088294;6.7
786;-2.23640873;0.106749426;-2.5
787;0.204913325;-0.004068244;4.4
788;-2.134967627;0.008951807;-2
789;0.935959691;0.087961832;-9.6
790;2.919982247;-0.016264359;-11.4
791;5.498428363;-0.121261226;-9.6
792;7.352814327;-0.044823256;-10.2
793;5.043415831;-0.09861085;-4.4
794;1.678033626;0.022704939;-16
795;-1.932837302;-0.003093933;-12.3
796;-3.684591688;0.027592157;-1.4
797;-3.828075397;-0.212921627;-5.5
798;-3.87390873;0.004249426;-4.9
799;-1.749253342;-0.021151577;-4.1
800;0.098365706;0.107701807;11.6
801;-3.114040309;0.120045165;-4.6
802;-4.121684419;0.040402308;-13.7
803;-4.184904971;0.039988774;2.6
804;-2.580519006;-0.025656589;9.4
805;-1.114917502;-0.045694183;7.2
806;2.040533626;-0.090628394;11.7
807;5.633829365;0.106489401;-1.9
808;9.923741646;0.077175491;9.2
809;7.459424603;-0.062088294;5.2
810;3.942757937;0.140499426;-3
811;-1.295086675;-0.081151577;-2.7
812;-4.018300961;-0.186048193;-4.1
813;-3.876540309;-0.033704835;2.8
814;-2.171684419;0.097902308;3.6
815;-2.064071637;0.078738774;-4.7
816;0.265314327;-0.009406589;0.9
817;-1.810750835;-0.00611085;-4.4
818;-0.213633041;-0.046461727;-7.6
819;-1.007837302;0.020239401;6.1
820;1.369574979;-0.052407843;4.6
821;2.784424603;-0.11875496;-5.5
822;4.734424603;0.179666092;-7.3
823;5.100746658;-0.036151577;2
824;1.285865706;0.086451807;5.6
825;-1.105706976;0.013795165;1.2
826;-3.167517753;0.023318975;-5.8
827;-3.576571637;-0.140427893;-12
828;-3.822185673;-0.002323256;-1.7
829;-1.869084169;0.01888915;-4.4
830;-2.280299708;0.005621606;2
831;1.304662698;0.068989401;5.4
832;2.007074979;0.047175491;-6
833;3.159424603;-0.011671627;7.7
834;0.87609127;-0.114083908;5.1
835;-1.003420008;-0.131151577;17.6
836;-1.989134294;0.05103514;17.6
837;-0.389040309;-0.057871502;16.8
838;-0.505017753;0.057902308;7.6
839;-1.047404971;0.139155441;26.9
840;-1.818019006;0.091010077;21.1
841;-3.339917502;0.033472483;12.3
842;-2.488633041;0.083954939;6.9
843;-1.462003968;-0.027260599;17.1
844;0.257074979;-0.161157843;12.5
845;1.40109127;-0.005421627;23
846;-0.88640873;-0.149917241;16.5
847;2.113246658;-0.249068244;9.6
848;6.390032373;-0.053131527;-1.4
849;6.573459691;0.004211832;-1.3
850;6.553315581;0.118318975;-6.6
851;1.156761696;0.039155441;5
852;-1.768019006;0.042260077;-8.2
853;-4.952417502;0.074305817;-0.5
854;-2.342799708;0.036454939;-7
855;-1.387003968;0.031072734;-8
856;1.894574979;-0.061574509;-3.4
857;0.834424603;0.13749504;-3
858;0.567757937;0.072166092;-9.2
859;-0.245086675;0.063848423;-7.9
860;-2.643300961;-0.134381527;0.2
861;-2.755706976;-0.005371502;-8.8
862;-2.692517753;-0.047097692;6
863;-1.134904971;-0.024594559;7.4
864;-2.451352339;0.031426744;3.5
865;-2.189917502;0.04388915;-3.7
866;0.090533626;0.053538273;-3.4
867;0.537996032;-0.054343933;1.8
868;4.719574979;-0.193241176;-0.7
869;4.271924603;-0.06500496;-12.6
870;2.992757937;0.018832759;2.2
871;-0.945086675;0.083431756;-6
872;-3.597467627;0.036868473;-5.8
873;-1.622373642;0.131295165;-0.5
874;1.961648914;0.053735641;-31.9
875;4.923428363;0.056655441;-2.3
876;3.556980994;-0.055656589;-1
877;1.389249165;0.010972483;-17.2
878;-0.646966374;0.021454939;-13
879;-2.970337302;0.062739401;-0.1
880;-2.867925021;-0.016991176;-2
881;-2.82390873;0.118328373;-4
882;0.367757937;-0.162417241;6
883;2.329913325;-0.011568244;-3.6
884;3.152532373;-0.054381527;-0.9
885;0.952626358;-0.017871502;6.9
886;0.753315581;-0.068347692;4.4
887;-3.209904971;-0.043344559;-1.5
888;-6.147185673;-0.071906589;4.2
889;-7.606584169;-0.061944183;10.4
890;-5.313633041;0.016871606;4.5
891;-0.941170635;0.083989401;1.8
892;4.636241646;0.190925491;3.9
893;7.11359127;-0.04125496;12.8
894;8.98859127;0.252166092;-5.4
895;8.317413325;-0.055318244;15.2
896;4.369199039;-0.230631527;2.9
897;0.165126358;-0.112454835;-3
898;-4.484184419;-0.067514359;13.1
899;-7.309904971;0.020405441;16.4
900;-8.172185673;0.032676744;19.2
901;-3.898250835;0.189722483;14.9
902;-1.342799708;0.057704939;14.1
903;3.387996032;0.091906067;15.2
904;4.252908312;-0.098657843;15.1
905;3.346924603;-0.094171627;9.3
906;2.109424603;0.043832759;11.3
907;-1.786753342;-0.062401577;12.4
908;-1.184967627;-0.02521486;9.4
909;2.273459691;-0.057871502;11.1
910;3.003315581;-0.065014359;17.9
911;1.981761696;0.061238774;12.3
912;-1.926352339;0.097676744;12.6
913;-3.273250835;-0.07986085;11
914;-4.338633041;-0.026461727;0.2
915;-5.957837302;-0.108510599;18.3
916;-6.676258354;-0.042824509;1.9
917;-6.444742063;0.03749504;10.3
918;-3.257242063;-0.022417241;5.6
919;3.059079992;0.009681756;-2.2
920;5.298365706;-0.035631527;-0.9
921;5.548459691;0.010045165;1.2
922;5.715815581;0.091652308;-12.2
923;4.135928363;0.144155441;-2.3
924;3.194480994;-0.037323256;0.9
925;-0.489917502;0.035555817;-9.5
926;-0.926133041;-0.030628394;-10.6
927;-2.078670635;-0.139343933;-1.3
928;-0.084591688;-0.063657843;-11.9
929;-0.644742063;0.057911706;-3.5
930;1.755257937;0.294666092;-16.8
931;1.079913325;0.113431756;-6.9
932;0.602532373;-0.00396486;-1.4
933;-2.226540309;-0.065371502;1.2
934;-2.263351086;-0.015014359;-8.2
935;-3.180738304;-0.117094559;0.2
936;-1.876352339;0.008926744;2.2
937;-1.298250835;-0.059444183;7.8
938;0.603033626;-0.038128394;-3.4
939;2.700496032;-0.020593933;-1.9
940;4.390408312;-0.042407843;-4.7
941;5.109424603;-0.026671627;-6.5
942;2.817757937;0.028832759;-8.7
943;-1.070086675;0.012181756;-14
944;-3.897467627;0.115201807;8.4
945;-3.322373642;0.097961832;3.6
946;-2.834184419;0.025818975;2.8
947;-1.293238304;0.019988774;-6.3
948;-0.093019006;0.001010077;-5
949;2.414249165;-0.02611085;-5
950;1.553033626;-0.068545061;0.2
951;2.396329365;-0.058093933;4.2
952;-2.201258354;-0.047407843;11.1
953;-1.944742063;0.060411706;8.2
954;-2.63640873;0.054666092;0.3
955;0.809079992;0.199681756;-2.2
956;0.006699039;-0.304381527;5.6
957;1.898459691;-0.107454835;7.8
958;2.153315581;-0.020431025;5.2
959;0.902595029;0.013322107;-2.3
960;-0.543019006;-0.020239923;4.8
961;-2.164917502;0.048055817;6.6
962;-3.130299708;0.057288273;6.9
963;-3.616170635;-0.005593933;-0.7
964;-3.188758354;-0.181574509;7.2
965;-0.678075397;0.13374504;6.7
966;1.605257937;-0.006167241;-2.5
967;5.525746658;0.105931756;6.3
968;4.923365706;0.008118473;-20.9
969;4.985959691;0.045045165;9.4
970;2.465815581;0.059985641;1.3
971;0.260928363;0.058322107;-3.1
972;0.298647661;-0.049406589;2.2
973;0.080915831;-0.04486085;0.1
974;0.286366959;0.025204939;0.8
975;-2.062003968;-0.056010599;-5
976;-2.717925021;-0.021574509;7.2
977;-1.053075397;-0.180838294;13.8
978;-0.44890873;0.029666092;17
979;1.259079992;0.123848423;5.3
980;-0.264134294;0.06978514;-1.4
981;-0.880706976;0.038795165;1.2
982;-2.159184419;-0.082097692;12.3
983;-2.468238304;0.041655441;5
984;-3.697185673;-0.012739923;-0.4
985;-0.923250835;-0.046944183;4.6
986;0.786366959;0.001454939;5.1
987;3.546329365;-0.006427266;10.3
988;2.815408312;0.042175491;5.2
989;1.171924603;-0.01750496;0.6
990;2.409424603;-0.030333908;9.4
991;2.054913325;0.160931756;3
992;1.773365706;-0.173548193;7.3
993;0.210959691;-0.108704835;6.1
994;-0.742517753;-0.097097692;2.8
995;-1.943238304;-0.000427893;-9.6
996;-1.726352339;0.019343411;-1
997;-1.527417502;0.18638915;-2.4
998;2.990533626;0.161038273;-5.2
999;3.117162698;0.111906067;-12.9
1000;6.557074979;0.133842157;-9.3
1001;1.75109127;0.00499504;-11.6
1002;-2.24890873;-0.058250574;-4
1003;-6.990920008;-0.05198491;-0.3
1004;-8.376634294;-0.141881527;8.4
1005;-8.639040309;-0.186621502;13.5
1006;-3.838351086;-0.072931025;2.8
1007;1.365095029;0.163322107;7.4
1008;5.281980994;0.151426744;6.8
1009;4.260082498;-0.003194183;14.3
1010;1.232200292;-0.094795061;14.1
1011;-3.299503968;-0.136843933;12.8
1012;-3.459591688;-0.054074509;2.6
1013;-0.907242063;-0.10875496;-3
1014;3.180257937;0.104666092;-4
1015;6.904913325;0.005098423;1.6
1016;3.610865706;0.023951807;2.9
1017;-0.676540309;-0.046621502;-12.9
1018;-5.430017753;0.036235641;-0.3
1019;-5.639071637;0.060405441;-12.8
1020;-2.313852339;-0.026906589;-22.6
1021;1.376749165;0.065555817;-11.4
1022;5.673866959;-0.036878394;-14.2
1023;4.183829365;0.010656067;-11.1
1024;4.265408312;0.012175491;-17.9
1025;2.780257937;0.019161706;1.6
1026;2.417757937;-0.114917241;-12
1027;0.484079992;0.01051509;-4.1
1028;-1.839134294;0.079368473;-13.9
1029;-3.151540309;-0.074538168;-7.1
1030;-3.409184419;-0.042514359;-9
1031;-3.097404971;0.083322107;1
1032;0.011147661;0.133926744;-1
1033;1.235082498;-0.020694183;4
1034;2.369700292;0.034788273;-2.2
1035;1.179662698;-0.123510599;-2.5
1036;-1.651258354;0.016342157;-0.1
1037;0.384424603;0.01999504;-4
1038;-1.128075397;-0.036167241;14.6
1039;-1.515920008;-0.183651577;12.9
1040;-4.743300961;0.076451807;7.8
1041;-3.693206976;-0.007038168;-3
1042;-3.055017753;0.143318975;-3.5
1043;0.602595029;-0.034594559;6.6
1044;0.898647661;0.061010077;1.6
1045;2.222582498;0.028472483;5.9
1046;2.528033626;-0.021461727;5.1
1047;2.900496032;0.099822734;-0.1
1048;4.286241646;-0.025741176;-4
1049;5.317757937;0.00374504;-5.5
1050;6.546924603;-0.211583908;4.1
1051;4.134079992;-0.098651577;9.6
1052;-2.414134294;0.251451807;-3
1053;-7.755706976;0.013378498;-3
1054;-11.96335109;-0.045847692;14.7
1055;-11.1682383;0.028322107;12.3
1056;-6.505519006;-0.056906589;7.4
1057;0.655915831;-0.009444183;0.1
1058;4.398866959;-0.091045061;-2.8
1059;6.629662698;0.144406067;-1.9
1060;5.919574979;-0.014491176;-3.4
1061;2.771924603;-0.092088294;2.1
1062;3.284424603;-0.082000574;-13.5
1063;0.921579992;-0.157401577;-6.9
1064;1.135865706;-0.010631527;1.8
1065;-0.159873642;0.165045165;-8.8
1066;-1.350851086;0.177485641;-6.6
1067;-1.972404971;0.024572107;-0.6
1068;-3.230519006;-0.101906589;-6.9
1069;-0.769084169;-0.043194183;-4.4
1070;0.865533626;-0.022711727;-10.6
1071;2.275496032;-0.023510599;-11.7
1072;1.536241646;0.014258824;-0.1
1073;0.209424603;0.17624504;3.7
1074;0.946924603;0.005499426;-10.1
1075;1.971579992;0.142598423;-10.7
1076;1.160865706;-0.020631527;1.8
1077;-1.505706976;-0.012454835;-4.6
1078;-1.688351086;-0.085431025;2.1
1079;-1.751571637;-0.046261226;9.9
1080;-3.076352339;-0.009406589;-5.6
1081;-2.664917502;-0.09611085;4
1082;-3.188633041;0.138954939;12.9
1083;-0.432837302;0.050656067;10.3
1084;-0.597091688;0.049675491;19.7
1085;0.492757937;-0.054171627;17.4
1086;2.380257937;0.033832759;2.7
1087;4.821579992;-0.102818244;15.7
1088;4.685865706;-0.127298193;19.2
1089;3.335959691;0.009628498;22.6
1090;-0.896684419;0.046652308;9.2
1091;-3.784904971;-0.061261226;2.6
1092;-4.068019006;0.012260077;1.6
1093;-2.089917502;0.09388915;14.9
1094;1.515533626;0.035621606;15.9
1095;0.379662698;0.011072734;17.7
1096;-2.434591688;-0.009074509;7.2
1097;-5.407242063;0.00124504;2.1
1098;-3.34890873;-0.162833908;3.7
1099;-0.278420008;-0.140318244;8.2
1100;2.231699039;0.041451807;2.4
1101;2.344293024;0.029211832;-5.5
1102;3.632482247;-1.44E-05;-16.1
1103;4.981761696;0.065822107;-12
1104;6.202814327;-0.018573256;-18.6
1105;2.472582498;0.091805817;-8.9
1106;0.978033626;-0.081461727;-14.8
1107;-0.766170635;-0.067260599;-11.1
1108;1.390408312;-0.145324509;-3.4
1109;0.759424603;0.017911706;-12.1
1110;-2.78640873;0.115499426;-3
1111;-2.440920008;0.148848423;-13.5
1112;-3.126634294;0.102701807;0.8
1113;0.248459691;0.095461832;-2.1
1114;-1.892517753;0.053318975;2.8
1115;-1.539071637;0.041655441;12.3
1116;-3.805519006;-0.025239923;6.1
1117;-5.139917502;-0.05111085;12.3
1118;-6.126133041;0.027288273;13.5
1119;-4.757837302;0.043989401;9.7
1120;1.269574979;0.024258824;31.6
1121;4.780257937;-0.03500496;16.9
1122;8.092757937;-0.070333908;20.8
1123;5.534079992;-0.242818244;16.2
1124;2.919199039;-0.025631527;20.3
1125;2.269293024;-0.055371502;11.1
1126;1.453315581;0.036235641;10.7
1127;0.548428363;0.042072107;2.6
1128;-0.701352339;0.031843411;12
1129;-1.889917502;0.141805817;6.6
1130;-2.055299708;-0.060628394;12.3
1131;-2.928670635;-0.077260599;8.5
1132;-1.076258354;-0.098241176;-1.4
1133;0.067757937;-0.088338294;-0.9
1134;1.10109127;0.077582759;-4.9
1135;1.759079992;0.061348423;5.3
1136;2.660865706;0.102701807;11.6
1137;1.115126358;0.039628498;14.4
1138;-0.505017753;0.176235641;6
1139;-2.951571637;0.024155441;15.5
1140;-2.305519006;0.010593411;21.1
1141;-0.481584169;-0.135277517;20.7
1142;1.219700292;0.023954939;22.5
1143;1.962996032;-0.070593933;17.7
1144;2.740408312;-0.096991176;13.8
1145;0.446924603;-0.046671627;19.5
1146;0.042757937;0.090499426;11.8
1147;-3.132586675;0.05551509;12.9
1148;-2.255800961;-0.113131527;13.2
1149;-0.984873642;0.059628498;1.2
1150;-0.342517753;-0.070014359;2.1
1151;1.294261696;0.003738774;0.2
1152;0.411147661;-0.009406589;-12.8
1153;-1.539917502;-0.04736085;-12.1
1154;0.248866959;-0.019378394;-13
1155;-0.153670635;-0.256010599;3
1156;3.515408312;-0.109074509;9.8
1157;4.142757937;0.051661706;-3
1158;3.155257937;0.080916092;-4
1159;0.309079992;0.09926509;7.7
1160;-1.893300961;0.085618473;-9.5
1161;-4.051540309;0.117545165;-9.6
1162;-3.580017753;0.167068975;-11.4
1163;-3.272404971;0.111238774;-17.7
1164;-2.005519006;0.026843411;-14.7
1165;-1.885750835;0.02013915;-12.1
1166;-1.351133041;-0.133128394;-9.4
1167;-1.991170635;-0.140177266;-12.9
1168;-0.513758354;0.007592157;-14.6
1169;1.41359127;-0.070838294;-10.6
1170;3.442757937;-0.034083908;-3
1171;6.275746658;0.018848423;-24.4
1172;4.240032373;0.11228514;-5.8
1173;3.427626358;0.107128498;-7.9
1174;-0.550851086;0.037902308;16.3
1175;-2.009904971;-0.053344559;5.8
1176;-2.076352339;-0.028989923;6.1
1177;0.776749165;-0.18861085;1.4
1178;2.765533626;0.008954939;0.8
1179;3.904662698;-0.043510599;-6.2
1180;0.769574979;0.073425491;-2
1181;-1.453075397;0.039578373;-0.9
1182;-3.69890873;0.021749426;-4
1183;-2.695086675;-0.177401577;6.7
1184;-2.080800961;0.084368473;-3
1185;-2.572373642;0.043795165;-5.5
1186;-4.400851086;-0.081681025;3.6
1187;-4.930738304;0.015405441;5.8
1188;-2.955519006;-0.133156589;-8.2
1189;0.897582498;-0.030277517;-5
1190;3.094700292;0.023538273;1.4
1191;4.433829365;-0.010593933;-2.5
1192;1.623741646;0.013425491;-4.7
1193;2.896924603;0.21749504;-7.5
1194;2.030257937;0.015916092;3.2
1195;2.584079992;0.101348423;1.1
1196;0.260865706;-0.004798193;-8.5
1197;0.848459691;0.018795165;-12.9
1198;0.490815581;0.083735641;-3.5
1199;-0.751571637;-0.045011226;-4.7
1200;-3.238852339;-0.045656589;-1.7
1201;-5.531584169;-0.092777517;1.4
1202;-5.763633041;-0.081878394;-5.2
1203;-5.145337302;-0.183510599;-1.9
1204;-0.601258354;-0.016157843;-3.4
1205;2.317757937;-0.065421627;-0.9
1206;3.171924603;0.225082759;2.7
1207;2.425746658;0.107181756;-3.2
1208;2.252532373;0.154368473;-16.6
1209;1.785959691;0.013378498;-5.5
1210;1.803315581;-0.053764359;7.6
1211;1.315095029;0.000405441;11.5
1212;-0.063852339;0.018926744;9.4
1213;0.976749165;0.08263915;5.9
1214;0.848866959;-0.088128394;7.5
1215;3.333829365;-0.115593933;-5
1216;3.657074979;0.007592157;2.6
1217;3.109424603;0.229578373;4.7
1218;0.321924603;-0.124917241;9.4
1219;-0.174253342;-0.01073491;0.6
1220;-1.268300961;-0.124798193;2.4
1221;-3.443206976;0.011711832;-3.8
1222;-3.867517753;0.053735641;-8.2
1223;-5.514071637;-0.054177893;-20.1
1224;-6.547185673;-0.017323256;-19.3
1225;-5.744084169;-0.15611085;-23.6
1226;-1.963633041;-0.074378394;-21.4
1227;2.196329365;-0.128510599;-20.2
1228;3.590408312;-0.096157843;-31.1
1229;2.334424603;0.170828373;-21.3
1230;2.534424603;0.260916092;-30.6
1231;0.384079992;0.13926509;-33.3
1232;0.956699039;0.08853514;-28
1233;4.169293024;-0.045788168;-17
1234;7.669982247;0.017485641;6
1235;6.373428363;-0.077511226;-3.1
1236;3.331980994;-0.120656589;-7.6
1237;-3.685750835;0.073472483;0.1
1238;-3.538633041;0.111038273;9.9
1239;-6.324503968;-0.107260599;4.2
1240;-2.397091688;0.045508824;-0.7
1241;-3.944742063;-0.045838294;0.1
1242;-2.290575397;0.090499426;1.3
1243;-1.732586675;-0.079901577;5.8
1244;0.444199039;0.045618473;-5.8
1245;0.569293024;-0.129954835;2
1246;1.007482247;0.150818975;-0.3
1247;2.706761696;-0.120844559;-8.7
1248;2.856980994;0.038926744;2.2
1249;4.630915831;0.053055817;2.7
1250;3.461366959;0.083538273;2
1251;3.092162698;-0.018510599;-5
1252;1.094574979;-0.069907843;3.9
1253;0.17609127;-0.147921627;-1.4
1254;-2.644742063;0.101332759;-3.5
1255;-0.786753342;-0.157818244;6.7
1256;-2.184967627;0.048951807;-2
1257;-1.097373642;0.019628498;14.4
1258;-2.130017753;0.051235641;2.8
1259;-1.447404971;0.064988774;-9.6
1260;-1.255519006;-0.076906589;-2.3
1261;-2.810750835;0.026805817;8.5
1262;-1.526133041;-0.026461727;0.2
1263;-1.162003968;-0.079343933;-5.6
1264;0.511241646;-0.142824509;-1.4
1265;0.634424603;-0.034588294;2.1
1266;1.92609127;0.092166092;8
1267;2.525746658;0.18301509;-10.7
1268;1.235865706;0.10978514;0.8
1269;0.944293024;0.048795165;1.2
1270;-0.384184419;0.044568975;-6.6
1271;0.231761696;-0.037927893;10.7
1272;-1.480519006;-0.072739923;2.2
1273;-0.594084169;-0.034444183;-7.6
1274;-1.088633041;-0.152711727;-5.2
1275;-1.616170635;-0.051843933;6.1
1276;-1.580425021;-0.090741176;-13.9
1277;-0.507242063;-0.051671627;-13.6
1278;1.105257937;0.105499426;-6.3
1279;3.271579992;0.19301509;-12.6
1280;0.565032373;-0.081881527;-16.6
1281;-0.889040309;-0.025788168;-24.4
1282;0.532482247;-0.020431025;-21.6
1283;1.556761696;0.058322107;-20.1
1284;2.915314327;0.071426744;-18.6
1285;-2.381584169;-0.096527517;-14
1286;-3.713633041;-0.001461727;-11.2
1287;-5.553670635;-0.076010599;-5.6
1288;-0.851258354;-0.117407843;-1.4
1289;2.40109127;0.072911706;-4.5
1290;1.709424603;0.172582759;-1.1
1291;2.209079992;0.033431756;-5
1292;-1.276634294;0.089368473;2.4
1293;-0.709873642;0.013378498;-1.3
1294;-1.600851086;0.038318975;10
1295;-0.664071637;0.022905441;-3.9
1296;0.115314327;-0.043573256;11.3
1297;1.855915831;0.04388915;14.9
1298;3.586366959;0.035204939;20.1
1299;3.471329365;0.033572734;14.6
1300;0.998741646;-0.196574509;21
1301;-3.96140873;0.01374504;10.8
1302;-4.269742063;-0.148667241;13.2
1303;-3.545086675;0.026348423;9.1
1304;1.223365706;0.08103514;6.7
1305;1.694293024;0.031711832;21
1306;1.707482247;-0.077514359;14.7
1307;-1.105738304;-0.084177893;7.4
1308;-1.022185673;0.047260077;9.4
1309;0.189249165;0.03263915;-6.3
1310;1.882200292;0.028538273;5.7
1311;2.133829365;-0.093927266;7.3
1312;3.248741646;-0.203241176;-2
1313;1.530257937;-0.014588294;-5
1314;1.696924603;-0.001167241;-1.1
1315;-1.328420008;0.006348423;-17.3
1316;-3.922467627;0.363118473;-8.5
1317;-3.714040309;0.147961832;-0.5
1318;-4.284184419;0.029568975;13.1
1319;-0.705738304;-0.033344559;1
1320;-0.597185673;0.012260077;5.5
1321;2.126749165;-0.108194183;-5
1322;2.207200292;-0.203545061;-7.6
1323;2.167162698;0.003572734;1.8
1324;2.711241646;0.043842157;-5.3
1325;-0.078075397;0.00249504;-2.4
1326;1.32609127;0.004666092;5.1
1327;1.579913325;0.075098423;0.6
1328;2.290032373;-0.09396486;-10.6
1329;-1.401540309;0.080461832;-12.9
1330;-3.905017753;-0.065431025;-19.3
1331;-4.643238304;0.145822107;-5.5
1332;-1.847185673;0.064760077;-1.7
1333;0.693415831;-0.000694183;-7.6
1334;1.348866959;0.037288273;-16.6
1335;1.367162698;-0.141010599;-12.9
1336;1.523741646;-0.115741176;-7.3
1337;0.23859127;-0.052921627;-16.7
1338;2.26359127;0.122999426;-25.4
1339;3.054913325;0.085931756;-9.3
1340;1.323365706;0.170201807;-24.2
1341;-0.214040309;0.014628498;-18.7
1342;-2.921684419;0.074985641;0.5
1343;-2.909904971;0.060405441;-12.8
1344;-3.026352339;-0.132739923;-6.9
1345;-2.419084169;-0.122777517;1.4
1346;-0.263633041;-0.207295061;0.8
1347;2.521329365;-0.156010599;-17.2
1348;1.965408312;-0.191574509;-7.3
1349;0.37609127;0.030411706;-5.5
1350;-1.078075397;0.142999426;-8.2
1351;-0.228420008;0.15801509;-7.9
1352;2.185865706;0.13353514;-8.5
1353;4.852626358;0.047545165;-21.1
1354;5.878315581;0.059985641;-8.2
1355;1.902595029;0.020822107;-16
1356;-1.101352339;0.022676744;-10.8
1357;-4.019084169;-0.096527517;-14
1358;-6.380299708;-0.070211727;-7.6
1359;-5.262003968;0.013572734;-13.5
1360;-5.784591688;-0.187824509;0.6
1361;-1.240575397;-0.01625496;1.6
1362;2.317757937;0.041332759;-1.6
1363;1.759079992;-0.21198491;0.6
1364;2.235865706;0.04728514;-10.6
1365;0.248459691;0.147961832;-22.8
1366;1.494982247;0.003318975;-13
1367;-0.614071637;0.157905441;-10.4
1368;1.952814327;-0.023989923;-18
1369;0.918415831;-0.144027517;-17.2
1370;0.732200292;-0.083961727;-17.2
1371;-0.224503968;-0.026843933;-14.1
1372;-1.688758354;0.003842157;-7.3
1373;0.171924603;-0.025838294;-11.6
1374;1.005257937;0.097166092;-4
1375;1.829913325;0.34426509;-2.7
1376;2.023365706;0.005618473;3.5
1377;0.048459691;0.008795165;-16.2
1378;-1.334184419;-0.163764359;-9
1379;-3.359904971;-0.008344559;-1.5
1380;-2.197185673;0.016426744;4.2
1381;-3.260750835;0.054722483;0.8
1382;-1.721966374;-0.046878394;3.2
1383;-0.470337302;0.071489401;-1.3
1384;2.340408312;0.050925491;1.3
1385;6.109424603;-0.102088294;-5.5
1386;5.771924603;-0.122833908;8.4
1387;4.750746658;0.113431756;1.1
1388;-1.622467627;-0.03146486;6.2
1389;-5.205706976;-0.009954835;7.8
1390;-6.688351086;-0.026264359;1.3
1391;-7.443238304;-0.048761226;13.9
1392;-0.934685673;0.030593411;6.8
1393;1.643415831;0.153055817;4.6
1394;6.661366959;-0.083128394;6.9
1395;2.733829365;-0.165593933;4.2
1396;-0.217925021;0.013425491;-0.1
1397;-3.29890873;0.017911706;7.2
1398;-1.82390873;-0.074917241;4.1
1399;0.234079992;0.031348423;13.3
1400;3.381699039;0.124368473;-8.5
1401;3.627626358;-0.057038168;-16.2
1402;2.707482247;-0.064597692;-22.4
1403;1.256761696;0.105822107;-24.1
1404;-3.376352339;-0.137739923;-9.5
1405;-3.202417502;-0.076527517;-19.8
1406;-2.880299708;-0.011461727;-14.8
1407;3.229662698;0.028572734;-17.8
1408;4.865408312;0.047592157;-15.2
1409;8.046924603;-0.004171627;-9.1
1410;5.505257937;-0.029083908;-23.5
1411;1.796579992;0.23051509;-19.2
1412;-3.089134294;-0.03271486;-28.5
1413;-6.805706976;0.005045165;-24.4
1414;-6.455017753;0.050818975;0.5
1415;-4.880738304;0.170405441;9.9
1416;-1.093019006;0.073093411;14.6
1417;-0.019084169;0.07013915;9.8
1418;1.657200292;-0.148128394;11.1
1419;-1.187003968;-0.135593933;10.9
1420;-2.967925021;-0.102824509;12.5
1421;-4.215575397;0.08999504;13.3
1422;-1.778075397;0.027582759;15.6
1423;0.063246658;0.217598423;8.6
1424;3.473365706;-0.104381527;8.9
1425;1.752626358;-0.072454835;18.5
1426;2.911648914;-0.116264359;1.3
1427;1.498428363;-0.007511226;1
1428;3.706980994;0.005593411;4.8
1429;3.326749165;-0.038194183;2.1
1430;3.428033626;0.015204939;-0.4
1431;1.258829365;-0.067677266;9.1
1432;-2.722091688;-0.047407843;13.1
1433;-5.31140873;0.017911706;12.8
1434;-6.869742063;-0.154500574;5.1
1435;-4.682586675;0.145098423;12.9
1436;-1.201634294;0.12228514;9.4
1437;1.794293024;0.160878498;16.8
1438;5.774148914;-0.043764359;3.6
1439;4.869261696;0.014155441;-5.5
1440;5.902814327;-0.031906589;-3.7
1441;0.501749165;0.017222483;5.3
1442;-2.042799708;0.001038273;9.9
1443;-5.995337302;-0.150177266;9.7
1444;-4.572091688;-0.113657843;22.4
1445;-2.544742063;-0.12875496;7.7
1446;1.459424603;0.025082759;8.4
1447;1.188246658;-0.014068244;11.9
1448;2.744199039;0.08978514;6.7
1449;-0.368206976;0.041295165;0.3
1450;-0.705017753;0.093735641;-9
1451;-0.976571637;0.014572107;1.8
1452;0.890314327;0.037260077;-3.7
1453;3.735082498;-0.07736085;-8.2
1454;4.411366959;-0.086045061;1.4
1455;1.925496032;-0.135593933;-1.9
1456;-0.834591688;0.083008824;7.2
1457;-3.44890873;-0.059588294;-9.1
1458;-2.694742063;0.137999426;2.7
1459;-1.899253342;0.149681756;7.7
1460;-0.772467627;0.22603514;-5.2
1461;-1.980706976;-0.063288168;-3.8
1462;-1.046684419;0.001235641;-14.5
1463;0.502595029;-0.077511226;-6.3
1464;0.423647661;-0.023989923;-7.6
1465;-0.964917502;-0.081944183;-14.6
1466;0.682200292;0.037288273;-8.2
1467;1.354662698;-0.063093933;-7.4
1468;3.798741646;-0.007407843;-6
1469;1.63859127;-0.134588294;-10.6
1470;-0.357242063;0.176749426;-2
1471;-3.340920008;0.005931756;-7.4
1472;-5.909967627;0.00353514;-6.8
1473;-2.859873642;-0.037871502;-5.5
1474;-1.384184419;0.026235641;-7.4
1475;1.869261696;-0.104594559;-12
1476;1.948647661;-0.033573256;2.9
1477;4.147582498;0.040555817;-1.8
1478;5.557200292;0.002704939;-2.2
1479;5.779662698;0.095239401;-1.9
1480;2.677908312;-0.104907843;-3.4
1481;0.759424603;0.155828373;9.3
1482;-2.32390873;-0.010750574;-11.6
1483;-5.570086675;0.153431756;9.1
1484;-5.351634294;0.057701807;0.2
1485;-3.897373642;0.074211832;-15.4
1486;0.861648914;-0.148764359;13.1
1487;3.331761696;-0.087094559;-15.2
1488;2.948647661;-0.286489923;-6.9
1489;4.097582498;-0.075277517;-7.6
1490;1.378033626;-0.035628394;-2.8
1491;-0.307837302;0.033989401;-3.7
1492;-2.722091688;0.145092157;-8.6
1493;-2.52390873;-0.06375496;-8
1494;-0.478075397;0.130916092;1.8
1495;-0.174253342;-0.02698491;-28.6
1496;-1.534967627;0.080201807;0.2
1497;-1.243206976;0.022128498;-11.2
1498;0.199148914;-0.024181025;-14.5
1499;1.956761696;-0.001677893;2.6
1500;3.211147661;-0.053989923;0.9
1501;2.364249165;-0.04861085;-6.9
1502;-0.509466374;0.050204939;3.9
1503;-1.966170635;0.069822734;10.9
1504;-3.447091688;0.077175491;-2
1505;-2.928075397;0.052078373;0.1
1506;-3.24890873;-0.077000574;12.7
1507;-1.099253342;0.08551509;0.1
1508;3.185865706;-0.023131527;13.8
1509;4.194293024;-0.151204835;14.4
1510;2.036648914;-0.118347692;-9.8
1511;-1.405738304;0.047488774;-6.3
1512;-1.538852339;-0.108573256;-7.6
1513;0.730915831;0.036805817;-15.9
1514;3.194700292;-0.026461727;-5.8
1515;4.696329365;-0.024760599;-16
1516;4.869574979;9.22E-05;-1.4
1517;-0.682242063;0.084578373;-3.5
1518;-4.957242063;0.292999426;-7.8
1519;-10.29092001;-0.021151577;-2.7
1520;-8.443300961;-0.002298193;-1.4
1521;-4.751540309;0.050461832;-3
1522;2.157482247;0.000818975;-2.7
1523;5.090095029;-0.040427893;5
1524;6.306980994;-0.031073256;-5
1525;5.360082498;0.014722483;2.7
1526;1.923866959;0.026454939;1.4
1527;-1.212003968;0.001489401;5.4
1528;-1.876258354;0.012175491;9.2
1529;-4.36140873;-0.03500496;14.4
1530;-4.090575397;-0.231583908;14.1
1531;-5.407586675;-0.152818244;21.3
1532;0.156699039;0.204368473;12.2
1533;3.773459691;0.007961832;4.5
1534;7.457482247;-0.029181025;-3.5
1535;7.135928363;-0.025844559;4.2
1536;6.802814327;0.044760077;2.2
1537;2.551749165;-0.10361085;9.1
1538;-0.896966374;0.037288273;13.5
1539;-4.824503968;0.059406067;13.4
1540;-3.988758354;0.093008824;17.1
1541;-4.59890873;-0.040838294;13.3
1542;-3.22390873;0.046332759;9.4
1543;-4.757586675;-0.083651577;14.8
1544;-3.939134294;-0.10521486;0.2
1545;-4.026540309;-0.034121502;8.6
1546;-0.225851086;0.030818975;-7.4
1547;1.744261696;0.020822107;-2.3
1548;3.590314327;0.048510077;1.6
1549;2.205915831;0.004722483;-5
1550;1.982200292;0.025621606;3.9
1551;0.846329365;-0.093510599;-14.7
1552;2.069574979;0.035925491;-6
1553;4.905257937;-0.069588294;-7
1554;3.680257937;0.000499426;-10.1
1555;3.371579992;0.087598423;-14.5
1556;-1.634967627;0.16478514;-10.6
1557;-0.147373642;0.103795165;15.2
1558;-3.980017753;0.031235641;10
1559;-4.572404971;-0.030427893;1.8
1560;-5.122185673;-0.074406589;20.5
1561;-2.856584169;-0.026944183;18.8
1562;-0.626133041;-0.031461727;24.9
1563;2.246329365;0.034406067;18.3
1564;4.352908312;0.175925491;16.4
1565;5.105257937;-0.15125496;27.1
1566;1.76359127;-0.092417241;19.9
1567;-1.211753342;-0.14448491;22.3
1568;-3.359967627;0.016868473;21.4
1569;0.173459691;0.037128498;25.1
1570;2.840815581;-0.071681025;2.1
1571;4.385928363;0.031655441;0.2
1572;5.040314327;0.093926744;10.7
1573;3.051749165;0.12763915;2.1
1574;1.261366959;-0.020211727;11.7
1575;-3.995337302;0.037322734;7.3
1576;-8.301258354;-0.041991176;13.8
1577;-12.39474206;-0.014171627;23
1578;-9.932242063;-0.132417241;9.4
1579;-5.640920008;-0.130318244;2.5
1580;1.656699039;-0.059798193;2.9
1581;8.269293024;0.085878498;-7.1
1582;8.144982247;0.142068975;-2.7
1583;6.456761696;0.026655441;-10.4
1584;1.261147661;-0.072323256;-1.7
1585;1.501749165;-0.024444183;-5
1586;1.986366959;0.034788273;2.6
1587;4.629662698;0.093572734;2.4
1588;4.482074979;0.109675491;3.9
1589;3.634424603;-0.11625496;-6
1590;-2.828075397;0.048832759;-1.1
1591;-7.403420008;-0.041568244;-3.6
1592;-5.918300961;-0.014381527;10.5
1593;-2.155706976;-0.106204835;0.3
1594;1.361648914;-0.034597692;8.4
1595;2.185928363;0.045822107;13.9
